train_f1_score,train_accuracy,val_f1_score,val_accuracy,train_loss,val_loss
0.5652792302919186,0.5740803239959501,0.7581629441524423,0.7611336032388664,1.8140589050067368,1.3689171771208446
0.8199960282688348,0.8207897401282483,0.8564960268533368,0.8582995951417004,1.070967839610192,0.7001349677642187
0.8992161056459522,0.8990887613904827,0.9218451729883327,0.921727395411606,0.6025038688413559,0.3940211633841197
0.931545305464448,0.9314883563955451,0.9434000084131439,0.9433198380566802,0.3757773062554739,0.26955200110872585
0.95010914967687,0.9500506243671955,0.9419658979846346,0.941970310391363,0.2542700449465424,0.21531198235849539
0.961185627610732,0.9611879851501857,0.9439170848974995,0.9433198380566802,0.19350704126140122,0.19741773325949907
0.9693459427028782,0.9692878839014513,0.9530325275752863,0.9527665317139001,0.1472567835402104,0.1691168506319324
0.9750238569594071,0.9750253121835977,0.9556979283673546,0.9554655870445344,0.11690931398701924,0.15548661211505532
0.9827953050893394,0.9827877151535606,0.9530959748925182,0.9527665317139001,0.09378239614588599,0.1629276672999064
0.9834560698741378,0.9834627067161661,0.9464738583924233,0.9460188933873145,0.07627562090994851,0.17382483432690302
